activity,business object,action,executing resource,org:resource,IT_relatedness,deterministic_following_activity,deterministic_preceding_activity,following_activities_standardization,preceding_activities_standardization,failure_rate,number_of_resources,ef_relative,median_execution_time,et_relative,stability
register,missing,register,missing,System,0.5742507576942444,True,False,1.0,0.0,1.0,1,0.06666666666667673,-1.0,-0.0007331083646945549,0.0
acceptance of requests,of requests,acceptance,missing,group1,0.5835991501808167,True,True,1.0,1.0,2.0,1,0.13333333333334307,4.51,0.04381469590912702,0.09433611330611336
collection of documents,of documents,collection,missing,group1,0.8579996824264526,True,True,1.0,1.0,2.0,1,0.13333333333334307,2.11,0.24118301308887957,0.08712196879309965
completeness check,completeness,check,missing,group2,0.7834091782569885,True,True,1.0,1.0,2.0,1,0.13333333333334307,22.925,0.18558596099424962,0.08904407800084105
credit worthiness check,credit worthiness,check,missing,group3,0.7834091782569885,True,True,1.0,1.0,2.0,1,0.13333333333334307,26.785,0.24007392642833117,0.09055502159078019
collateral check,collateral,check,missing,group4,0.7834091782569885,True,True,1.0,1.0,2.0,1,0.13333333333334307,10.065,0.12899436101520279,0.09158356872188386
credit committee,credit committee,missing,missing,group5,0.5858592391014099,True,True,1.0,1.0,2.0,1,0.13333333333334307,4.625,0.13163053029792032,0.09732343907335232
requirements review,requirements,review,missing,group6,0.5730544924736023,False,True,0.0,1.0,2.0,1,0.13333333333334307,2.515,0.029450620630985594,0.1128051623924985
